source	target	score
MAL	PDCL3P2	0.1221655085682869
SOX6	SPINK5	0.11152639240026474
SOX6	PCAT5	0.10081955045461655
PBX1	OSBP2	0.09805864840745926
SOX6	GABRA2	0.0936768427491188
SOX6	SP9	0.09209082275629044
SOX6	RP11-478H12.2	0.08929279446601868
SOX6	AC005730.2	0.08769411593675613
MAL	RP11-67L17.1	0.08677047491073608
MAL	RP11-15E1.5	0.08439451456069946
SOX6	OR10K1	0.08354447036981583
MAL	NATD1	0.08313000947237015
MAL	IGKV3-11	0.081453338265419
PBX1	C2orf88	0.0814451277256012
MXI1	XGY1	0.0812591090798378
NCOA4	CTD-2542L18.1	0.07938826829195023
MAL	CTD-2542L18.1	0.07810840755701065
MAL	CTA-392E5.1	0.07287281006574631
MAL	SLC38A5	0.07092676311731339
MAL	CCL4	0.06572667615754264
NCOA4	TRAV25	0.06551700830459595
MAL	IL7R	0.06519693954318177
MAL	OR52N2	0.06407935172319412
NFIX	IGLV4-69	0.0632762610912323
NCOA4	OR52N2	0.06319428980350494
MAL	TMEM86B	0.06281393766403198
MAL	SLC7A14	0.06244580075144768
MXI1	SLC7A14	0.062419593334198
NCOA4	MMP13	0.06206110492348671
PBX1	IGHG3	0.06156891584396362
NCOA4	BTBD10P2	0.058902304619550705
NCOA4	IGHV1-2	0.058057188987731934
MAL	KRT1	0.05753028392791748
MAL	HSPA1A	0.05721236830172331
MAL	BTBD10P2	0.05545129254460335
MXI1	ABCC9	0.05509266257286072
MAL	CXCL1	0.054818566888570786
MAL	IGKC	0.05395129323005676
NCOA4	TCAM1P	0.05371107533574104
LYL1	ABALON	0.05362263321876526
MXI1	HSPB3	0.05350843071937561
MAL	TSPAN5	0.05332223935560747
MXI1	IL7R	0.0529749834979022
MAL	MTCO1P12	0.05296031066349575
LYL1	CCL22	0.05264134332537651
MXI1	RP11-162A12.3	0.052563708275556564
NCOA4	AC137932.5	0.0517815463244915
PBX1	TPSB2	0.051763334444590976
MAL	IGHG1	0.05170334875583649
NFIX	JCHAIN	0.05120912194252014
MAL	SNORD11	0.05120011791586876
MAL	RBM38	0.05053265784916125
MXI1	IGKV4-1	0.050382744520902634
MAL	ATP6V0C	0.0502547025680542
HOXD1	SEMG1	0.049839314073324203
LYL1	ADH6	0.049818795174360275
NFE2	SEMG1	0.0496244914829731
PBX1	HLA-DRA	0.04960861802101135
MAL	RP11-285C1.2	0.04950709640979767
MXI1	IGHV4-55	0.049349281936883926
NCOA4	SEMG1	0.049254413694143295
NFIX	CSNKA2IP	0.04906390234827995
MAL	PRDX2	0.04885404385053194
MAL	MXI1	0.04854600826899211
NFIX	IL7R	0.04835570976138115
NCOA4	RP11-432O12.1	0.04820266366004944
MAL	R3HDM4	0.0475645512342453
MAL	IGHG4	0.04741767421364784
MAL	IL1R1	0.04704313576221466
FOXA1	IGKC	0.04685093089938164
MAL	AC096579.15	0.046726103872060776
SOX6	IL7R	0.04671336114406586
MAL	GUK1	0.046360040322328225
MAL	GPX1	0.04612188753874406
MXI1	XIRP2	0.04595637694001198
TAL1	FCGR3B	0.04592505097389221
MXI1	TCAM1P	0.045876216143369675
NCOA4	IGHV5-51	0.045736443251371384
NCOA4	XIRP2	0.045667558908462524
MAL	GYPC	0.04550581872463226
PBX1	FCGR3B	0.04536403343081474
NCOA4	CLDN5	0.044746652245521545
MAL	TCP11L2	0.044700197378794354
MAL	DCAF12	0.04460164606571197
NCOA4	IGLV1-40	0.04455044865608215
LYL1	IGHG1	0.044505639870961504
MAL	DPCD	0.04446999356150627
MAL	CCL20	0.04445352032780647
MAL	IGKV1-6	0.04422497749328613
MAL	CTNNAL1	0.04414617121219635
MXI1	ABALON	0.044123902916908264
MXI1	IGHG4	0.04394634564717611
NCOA4	IGLV2-14	0.04384104534983635
MXI1	TSPAN5	0.04372325208452013
GATA1	TPSB2	0.043454479426145554
NCOA4	RP11-567M21.3	0.043400686234235764
GATA1	GNLY	0.043383508920669556
MXI1	IGHV1-18	0.04338100552558899
MAL	PIM1	0.043373785520854746
MAL	GABARAPL2	0.04334337711334228
MAL	BSG	0.04328343868255615
MXI1	CCL4	0.043262969702482224
LYL1	IGHV3-53	0.04324372485280037
MAL	SLC25A39	0.043241606308863714
TAL1	IGKC	0.04302869364619255
MAL	EPB41	0.042907831516671685
NFE2	CPA3	0.04277835413813591
MXI1	DRC7	0.04276319965720177
MAL	ACSL6	0.04273633286356926
MAL	PLAUR	0.04248252883553505
MXI1	RP11-477H21.2	0.0424317829310894
LYL1	IGHV1-69	0.042316097766160965
LYL1	IGLV5-45	0.042307913303375244
NCOA4	TPSB2	0.04228902757167816
NCOA4	RP1-84D21.2	0.04227982088923454
NFIX	IGLV6-57	0.042244572192430496
NFIX	IGHV1-18	0.04224378988146782
MXI1	CHP2	0.04224279522895813
NCOA4	GNLY	0.042214613407850266
NFE2	S100A12	0.042149686813354494
NFE2	CLC	0.042144905775785446
MAL	TRBV27	0.04207589849829674
MXI1	SERPINC1	0.04206383600831032
MAL	RP11-567M21.3	0.04198812320828438
MAL	OPTN	0.04197360947728157
PBX1	CCL4	0.04195229709148407
LYL1	AC096579.15	0.04191392660140991
SOX6	IGHV3-7	0.041894227266311646
NFIX	IGKV4-1	0.0418789933125178
MAL	SIAH2	0.04184877541330126
PBX1	IL1B	0.04172636941075325
NFE2	IGHG1	0.04159685596823692
MAL	SLC14A1	0.041331180930137636
LYL1	IGHM	0.041182168892451694
NCOA4	CLC	0.04105415691932043
MAL	GMPR	0.041026677936315536
MXI1	IGLV4-69	0.04099427908658981
LYL1	IGKC	0.04083772139115767
LYL1	SNORD17	0.04080149903893471
LYL1	JCHAIN	0.04076488722454418
MAL	TENT5C	0.04051308198408647
MXI1	RP11-425D17.1	0.040473368018865585
MAL	RNU6-1092P	0.04037155210971832
MAL	IGHA1	0.04031469605185769
FOXA1	CCL4	0.040241360664367676
NCOA4	IL7R	0.04023624791039361
NCOA4	IGHV1-69	0.04022953286767006
NCOA4	ABALON	0.04022577404975891
NCOA4	APOA4	0.040207263082265854
MXI1	TPSAB1	0.04014606773853302
SOX6	IGHM	0.04014041647315025
MAL	MKRN1	0.04005778953433037
MXI1	ACSL6	0.0400551050901413
MAL	MFSD2B	0.04003804922103882
NFE2	DRC7	0.040033008903265
GATA1	LYZ	0.04000016674399376
MXI1	IGKC	0.03994298294970864
LYL1	IGLV3-21	0.039934057742357254
SOX6	HSPA1A	0.03987295248291709
PBX1	IGHG4	0.03983696550130844
MAL	FBXO9	0.0398260235786438
SOX6	S100A12	0.0397984117269516
NFIX	IGHM	0.03978253262383597
MAL	DPM2	0.03975474834442139
MXI1	JCHAIN	0.03971165666977564
MAL	IGHG3	0.03968180219332377
LYL1	IGLV1-47	0.03965555503964424
PBX1	KRT1	0.03964647278189659
NEUROD1	TUSC7	0.03956785798072815
MXI1	TPSB2	0.03956189503272375
PBX1	HSPA1A	0.039470817893743515
NCOA4	RNU6-1092P	0.039391856640577316
MXI1	RP11-1334A24.5	0.03933054208755493
LYL1	RP11-192M23.1	0.03931058198213577
MAL	GLUL	0.039222538471221924
NEUROD1	IGHV4-61	0.039102789014577866
MXI1	HSPA1A	0.03907412813420881
NFIX	FCGR3B	0.03905285894870758
LYL1	TPSB2	0.03897368535399437
LYL1	IGHV2-5	0.038887523114681244
PBX1	CPA3	0.03884418521608625
LYL1	IGKV1-5	0.03883901983499527
LYL1	RP11-257N21.1	0.03874807432293892
MAL	FKBP8	0.038733433032857964
MAL	TALDO1	0.038683204650878905
MAL	CLDN5	0.0385374017059803
PBX1	TSPAN5	0.03850259259343147
MAL	C9orf78	0.03845258156458537
MXI1	RP11-826N14.1	0.0384490005671978
MXI1	YBX3P1	0.038432907313108444
FOXA1	RBM38	0.038330528885126114
LYL1	IL7R	0.03830583393573761
PBX1	JCHAIN	0.038249362260103226
NCOA4	TUSC7	0.038235846906900406
MAL	BAG1	0.03819016473633902
PBX1	CTSG	0.038058843463659286
MAL	RP11-1299A16.3	0.0380585677921772
NEUROD1	ST6GALNAC4	0.03804505988955498
MAL	IGF2R	0.03798013687133789
PBX1	C1QA	0.037893686443567276
MXI1	NUDT4B	0.037874121218919754
MAL	RP11-439C15.4	0.03779951483011246
MXI1	CLDN5	0.0377950593829155
NCOA4	RP11-792D21.3	0.03775298222899437
TAL1	CTD-2272D18.1	0.03770545497536659
NCOA4	MMP20	0.037624478340148926
LYL1	IGHG4	0.03753338505824407
MXI1	GPX1	0.037510655392175435
MXI1	FABP6-AS1	0.03750964254140854
MXI1	PRDX2	0.0375076922086569
MXI1	EIF1AY	0.03742701666695731
PBX1	MARCHF8	0.0374007523059845
MAL	GSPT1	0.03735413695826675
NFE2	IGHG2	0.037297870963811874
MAL	IGHA2	0.037296462804079056
TAL1	TPSB2	0.03720106432835261
MXI1	OPRPN	0.03717850521206856
MAL	CA3-AS1	0.03712381422519684
NFIX	FHDC1	0.03711996600031853
SOX6	FCGR3B	0.037103500217199326
MAL	HMBS	0.03708667804797491
LYL1	KDM7A-DT	0.037082329392433167
MAL	PADI4	0.0370677150785923
ANKRD1	IL1B	0.0370301827788353
SOX6	IGLV6-57	0.03698057308793068
NCOA4	CSNKA2IP	0.03695486858487129
NCOA4	RP11-15E1.5	0.036944519728422165
MXI1	IGHM	0.036939492351130435
MAL	LGALS3	0.03681700995990208
PBX1	TPSAB1	0.0367377655846732
MXI1	MAL	0.036729880174001056
NCOA4	KLK3	0.03671063110232353
MAL	YPEL3	0.03669405344760779
LYL1	HTN3	0.03667038679122925
MXI1	APOA4	0.03665198013186455
SOX6	IL1B	0.03662355492512385
LYL1	IGLV1-40	0.036570094525814056
NFE2	S100A8	0.03656840085983276
MXI1	IGKV3-20	0.036561290423075356
FOXA1	IGLC3	0.036435142159461975
FOXA1	IGLC2	0.036349717527627945
NCOA4	HTN3	0.036232609301805496
FOXA1	IGHA1	0.03622039034962654
MXI1	MARCHF8	0.036197845752422624
LYL1	IGHV1-46	0.03619590774178505
PBX1	IGLC3	0.036189946035544075
MXI1	IGHV4-34	0.036187417805194855
MAL	IGHG2	0.036186132580041885
MAL	HAGH	0.036060717370775014
PBX1	IGKC	0.03605708777904511
SOX6	MARCHF8	0.03598639369010925
GATA1	CPA3	0.035922735929489136
MXI1	USH2A	0.03588993474841118
PBX1	S100A12	0.03588148579001427
MXI1	AC096579.15	0.03584877774119377
MXI1	OR10AH1P	0.03583010658621788
ANKRD1	MKRN1	0.035826876759529114
NCOA4	TSPAN5	0.03580590840932485
MAL	BCL2L1	0.035760700702667236
GATA1	IL7R	0.03575696423649788
SOX6	JCHAIN	0.035748464365800224
LYL1	IGKV1D-8	0.03573169559240341
MXI1	TCP11L2	0.03571934700012207
LYL1	IGHG3	0.03568487986922264
MXI1	KB-1440D3.21	0.03562768176198006
NEUROD1	GABRG2	0.0355963371694088
MXI1	ORM2	0.035564061254262924
NFIX	IGKC	0.035561347007751466
NCOA4	CFAP77	0.03541562333703041
FOXA1	IGHG3	0.03539438918232918
NCOA4	JCHAIN	0.035384813944498696
NCOA4	ACSL6	0.03536084294319153
LYL1	IGHV1-69D	0.03530721366405487
LYL1	IGLC2	0.035286771754423775
LYL1	IGKV3-20	0.03527626767754555
ANKRD1	HSPA1A	0.035219576209783554
MXI1	TENT5C	0.035160236060619354
MAL	HLA-DRA	0.03513950854539871
NCOA4	IGKC	0.03513720474745098
SOX6	KDM7A-DT	0.03510642051696777
NCOA4	RP11-439C15.4	0.03509807959198952
PBX1	SLC2A1	0.03509518504142761
PBX1	GPX1	0.03508833944797516
PBX1	RP11-477H21.2	0.035080309957265854
FOXA1	FECH	0.03506083786487579
MXI1	GYPC	0.03500050521758666
MAL	SLC2A1	0.0349436029791832
FOXA1	EPB41	0.03494041785597801
ANKRD1	GPX1	0.034881968051195145
MAL	MZB1	0.03480232134461403
SOX6	IGHG1	0.03479832783341408
MXI1	HTN3	0.03479383513331413
MAL	PLEK2	0.03479103744029999
MAL	STMP1	0.03477606406578651
LYL1	IGHV3-23	0.03474978730082512
MXI1	IGLV1-40	0.034723833203315735
MXI1	EPB41	0.034640793005625406
NFE2	IL1B	0.034623820673335685
TAL1	MMP20	0.03459881991147995
NCOA4	S100A12	0.03459157877498203
LYL1	HLA-DRA	0.03456399628990575
SOX6	TRBV27	0.034548819065093994
MAL	IGHGP	0.03446895629167557
MAL	SLC40A1	0.03446561470627785
MAL	RNF10	0.034396250139583244
PBX1	CA3-AS1	0.03434351459145546
MAL	BNIP3L	0.03433695435523987
NEUROD1	RP11-257I14.1	0.03433651104569435
MAL	GLRX5	0.03425239771604538
SOX6	IGKC	0.0342510598046439
NCOA4	NATD1	0.03416997566819191
LYL1	IGHV1-2	0.034153327345848083
NCOA4	TRBV27	0.034144774079322815
GATA1	TPSAB1	0.03411640599370003
TAL1	THBS1	0.03411620110273361
GATA1	MMP20	0.03408654406666756
NCOA4	LINC02118	0.03404346480965614
MAL	SOX6	0.03395814448595047
LYL1	IGKV3-11	0.033947646617889404
NCOA4	CPA3	0.03393069157997767
MXI1	IGHV3-30	0.033882830291986465
MAL	ADIPOR1	0.0338736375172933
MXI1	KRT1	0.0338340699672699
SOX6	HLA-DRA	0.033777568489313126
FOXA1	TESC	0.033726777881383896
MXI1	CTSG	0.033712103962898254
LYL1	IGKV4-1	0.033682968467473984
MXI1	RBM38	0.033673718918201534
MXI1	TPH2	0.033668868243694305
MAL	LYZ	0.03365521381298701
ANKRD1	IL1R2	0.033609334379434586
MXI1	SNORD71	0.03359970077872276
FOXA1	LCN2	0.033599477261304855
LYL1	IGLV2-11	0.033559415489435196
SOX6	TSPAN5	0.033547142148017885
TAL1	IGHG3	0.03350342437624931
PBX1	RP11-15E1.5	0.033495623618364334
MXI1	IGKV2-24	0.03346666321158409
MXI1	FGL1	0.03344482183456421
PBX1	CXCL8	0.033443715423345566
SOX6	S100A8	0.03343471884727478
PBX1	RP11-792D21.3	0.03343113884329796
FOXA1	DMTN	0.033391255885362625
MXI1	S100A12	0.03337370024787055
NFIX	CCL4	0.03336136415600777
NFE2	FCGR3B	0.0333531520984791
LYL1	GPX1	0.03335138684824893
GATA1	GPX1	0.03326186963490078
SOX6	LYZ	0.03324285575321743
MAL	BBOF1	0.033221784979104996
SOX6	MXI1	0.033211353752348155
NCOA4	LINC01633	0.03316091373562813
NKX2-5	IL1B	0.033116791397333145
SOX6	SLFN14	0.03310524299740791
MXI1	IGHA1	0.0330263986143955
MAL	TUBB2A	0.033003154397010806
NEUROD1	HLA-DRA	0.03298267722129822
LYL1	S100A12	0.03297396158349925
LYL1	CEACAM8	0.03295773267745972
NCOA4	TPSAB1	0.03281923234462738
FOXA1	IGHGP	0.03280430659651756
SOX6	MAL	0.03278021141886711
NCOA4	GPX1	0.032721202764938125
MXI1	RP11-159F24.2	0.032617587596178055
PBX1	PLAUR	0.032613936066627505
FOXA1	S100A8	0.032610565423965454
NCOA4	AC096579.15	0.032562317756506115
MXI1	IGHG3	0.03238949179649353
MAL	ISCA1	0.03238272070884705
FOXA1	FBXO7	0.032377924770116806
MAL	CHPT1	0.03237733883517129
PBX1	IGHGP	0.0323692187666893
MAL	APOA1	0.032361727207899094
SOX6	CSF3R	0.03233189880847931
PBX1	IGHG2	0.0323185957968235
MXI1	GNLY	0.03231852915551928
NFE2	LYZ	0.03227925651213702
ANKRD1	LYZ	0.032247599214315414
SOX6	CXCL8	0.032227523624897
NFIX	HLA-DRA	0.03218093886971474
MAL	BPGM	0.0321123633119795
NCOA4	IGHV1-69D	0.03208829959233602
LYL1	IGLC3	0.032009386354022555
NCOA4	HSPA1A	0.03197696677639953
MXI1	CPA3	0.03197617083787918
MAL	MARCHF8	0.031957474621859466
FOXA1	DPM2	0.031928032636642456
NCOA4	MAL	0.03191993517034194
FOXA1	ADIPOR1	0.03182339295744896
LYL1	MARCHF8	0.03182248065346166
MXI1	CA3-AS1	0.03176343813538551
PBX1	IGLV1-40	0.0316898413002491
LYL1	IGHA2	0.03168750802675883
PBX1	G0S2	0.03162524402141571
SOX6	MNDA	0.031616626041276116
NCOA4	PA2G4P5	0.0316074900329113
MXI1	HLA-DRA	0.031482283025979996
NCOA4	IGHM	0.03144985696543818
LYL1	LACRT	0.031376540660858154
PBX1	LGALS3	0.03133019166333335
NKX2-5	ZP2	0.031303584575653076
NFE2	MNDA	0.031248991904051407
MXI1	CTNNAL1	0.031209482087029353
SOX6	YPEL4	0.031154802069067955
PBX1	IGLV2-8	0.03111865371465683
GATA1	PLAUR	0.031066639348864555
NEUROD1	IGHV4-55	0.031046127900481224
LYL1	RBM38	0.03094906960764239
LYL1	RP11-663P9.3	0.030948936939239502
PBX1	R3HDM4	0.03093726933002472
TAL1	CPA3	0.030898066858450573
MXI1	C9orf78	0.03081519429276629
NCOA4	EIF1AY	0.030785022463117328
MXI1	IGLC2	0.0307493320217839
LYL1	TMEM242-DT	0.03074287436902523
MXI1	GUK1	0.030740680192646228
MXI1	OPTN	0.03065173625946045
PBX1	APOC3	0.030647307634353638
MXI1	CCL20	0.0305928498506546
NCOA4	IGKV1-6	0.030587757006287575
MXI1	TMEM242-DT	0.03054211474955082
NFIX	IGLC3	0.03052792251110077
NCOA4	TCP11L2	0.030462641465036494
NCOA4	FCGR3B	0.030460137587327223
NCOA4	RP11-477H21.2	0.030458709225058556
TAL1	GNLY	0.030451389029622078
NCOA4	ATP6V0C	0.03042797088623047
NFIX	IGHV3-15	0.030421102419495583
LYL1	CPA3	0.030415207147598267
PBX1	S100A8	0.0303462619582812
LYL1	PIP	0.030325770378112793
NCOA4	CCL4	0.030259450961803568
MXI1	SRRD	0.030206298828125
NFE2	ORM2	0.030195799966653187
SOX6	IGHG3	0.030175087973475456
LYL1	GNLY	0.030163340270519257
NCOA4	IGHV4-55	0.030161353449026745
TAL1	TMEM242-DT	0.030161142349243164
PBX1	CTD-2272D18.1	0.030151167884469032
LYL1	TCP11L2	0.03006332920443627
MXI1	SIAH2	0.029983223461713948
TAL1	GPX1	0.02996633095400674
NEUROD1	ABCC9	0.029958048835396767
NFIX	GNLY	0.029957255348563194
MXI1	IGHV4-4	0.029893524944782257
NCOA4	ATP1B2	0.029893082877000172
MXI1	RP11-245P10.6	0.02988731861114502
MXI1	GSPT1	0.029872520025386366
PBX1	ADCYAP1	0.029847709462046623
MXI1	IGHG1	0.029835358262062073
TAL1	CXCL1	0.029826203361153603
LYL1	HSPA1A	0.02981320930563885
NFE2	HSPA1A	0.029702410978429458
MXI1	YPEL4	0.02968652794758479
NEUROD1	IGLJ3	0.02966153435409069
NCOA4	URAHP	0.029641861096024513
NFE2	PGLYRP1	0.02959060939875516
MXI1	LINC02118	0.029569273814558983
NCOA4	GABRG2	0.029555870220065117
NFIX	HSPA1A	0.0295524001121521
MXI1	FKBP8	0.0295358806848526
TAL1	TPSAB1	0.029528088867664337
LYL1	PRKAA2	0.02952585369348526
NFIX	RP11-254F19.4	0.029525352641940117
LYL1	SCARNA9	0.029494842514395714
SOX6	GPX1	0.029488205909729004
MXI1	MKRN1	0.029483245478736028
PBX1	APOA4	0.029467547312378883
LYL1	IGHV3-15	0.029431618750095367
MXI1	HAGH	0.029398326971093004
NFE2	GPX1	0.029389852079851873
NFE2	IGHM	0.02938597835600376
NCOA4	ASB4	0.029370730742812157
PBX1	BASP1	0.02936249040067196
LYL1	FCGR3B	0.029361020241464888
NCOA4	RBM38	0.029316348058206064
NCOA4	IGHV4-34	0.02926993928849697
PBX1	IGHA1	0.02918468415737152
NCOA4	IGLC2	0.02916417717933655
SOX6	APOA4	0.029137155041098595
PBX1	EIF1AY	0.029118627309799194
NCOA4	SIAH2	0.029116303650374264
PBX1	IL7R	0.02911532111465931
NCOA4	IL1B	0.029088986163236658
NCOA4	IGHV1-18	0.029063257078329723
NFIX	IL1B	0.02900661826133728
PBX1	CTSB	0.02899004112590443
NFIX	AC007131.2	0.02898707427084446
SOX6	ALPL	0.028976431116461754
MXI1	APOD	0.028968621577535356
PBX1	IGF2R	0.028953850269317627
LYL1	RAP1GAP	0.02893909253180027
SOX6	IGF2R	0.02893672539637639
NCOA4	SLFN14	0.028815725818276405
MXI1	C4orf17	0.0288062896579504
SOX6	NATD1	0.02878229320049286
NCOA4	MARCHF8	0.02874111610910167
TAL1	PLAUR	0.028724392255147297
NCOA4	S100A8	0.02863202528520064
LYL1	IGKV1-39	0.02861768938601017
PBX1	TCP11L2	0.028522896269957226
NCOA4	ORM2	0.028483489528298378
MXI1	IGLC3	0.028483343475005207
NFE2	IGKC	0.028480029106140135
MXI1	IGHV3-23	0.02847941964864731
ANKRD1	C1QA	0.028429871425032616
PBX1	MMP9	0.028423473238945007
NCOA4	IGLJ3	0.028350958600640297
MXI1	IGKV1D-39	0.028328007087111473
MXI1	IGHV1-69D	0.02831619419157505
NCOA4	RP11-257I14.1	0.028297962620854378
LYL1	EIF1AY	0.028276589512825013
MXI1	ASB4	0.0282764732837677
SOX6	PADI4	0.028260722756385803
NCOA4	DEFA1	0.02825993299484253
GATA1	CTSG	0.028250275179743767
MXI1	URAHP	0.028244363144040108
LYL1	IGHG2	0.028237087385995046
MXI1	IGKV1-39	0.028236499056220055
NCOA4	HLA-DRA	0.02823441837905744
MXI1	FBLN1	0.028137197718024254
LYL1	TPSAB1	0.0281235221773386
NFIX	ALPL	0.028118940070271492
TAL1	IL7R	0.028111115097999573
LYL1	PGLYRP1	0.028099557384848595
ANKRD1	AQP9	0.028073018416762352
NFE2	IGLC3	0.028042400255799294
NEUROD1	RP11-217O12.1	0.027999987825751305
NCOA4	IGHG1	0.027997979521751405
FOXA1	SIAH2	0.027983343228697777
MXI1	IGLV5-45	0.0279679074883461
MXI1	ATP6V0C	0.0279623634285397
LYL1	IL1B	0.02785080129450018
NCOA4	PI3	0.027828911940256756
ANKRD1	CSF3R	0.02782703936100006
GATA1	ADCYAP1	0.02781727723777294
LYL1	PRG4	0.027788126841187477
TAL1	CXCL8	0.027760906144976616
NCOA4	ABCC9	0.02770136296749115
FOXA1	MICAL2	0.02768702805042267
ANKRD1	PRG4	0.02768663875758648
ANKRD1	HBB	0.02758895792067051
NFIX	DERL3	0.027586234112580616
NCOA4	KDM7A-DT	0.027563896775245667
NEUROD1	RHCE	0.027555419132113457
NFE2	CSF3R	0.027531247247349133
ANKRD1	CXCL8	0.027523083612322807
NCOA4	PRDX2	0.027510649628109403
NEUROD1	IGLV1-47	0.027499059215188026
NFIX	IGLC2	0.027485007420182228
FOXA1	CSF3R	0.027471760287880898
NFE2	JCHAIN	0.027428612112998962
NFE2	PPBP	0.02741605043411255
LYL1	TENT5C	0.02741096778349443
NCOA4	IGKV1D-39	0.02739771269261837
NFE2	CCL4	0.027369007468223572
NCOA4	IGLV1-47	0.027361853048205376
ANKRD1	C9orf78	0.027358360588550568
SOX6	SLC8A1	0.02734158081667764
PBX1	ANKRD9	0.02727948725223541
GATA1	BASP1	0.027269570156931877
SOX6	S100P	0.02725258469581604
PBX1	EPB41	0.02725256234407425
PBX1	STRADB	0.02719361148774624
NFIX	GPX1	0.027184771864037765
PBX1	IGLC2	0.027161315083503723
ANKRD1	BLVRB	0.027130357921123505
ANKRD1	PLAUR	0.0271295215934515
NEUROD1	IGHJ6	0.02710788883268833
TAL1	HLA-DRA	0.0270879864692688
NFIX	CA3-AS1	0.02703150548040867
NEUROD1	FAM83A-AS1	0.026995375752449036
PBX1	C1QB	0.0269907359033823
NCOA4	IGHV4-4	0.026988482102751732
LYL1	NATD1	0.026973081131776173
LYL1	IGHA1	0.026946303844451906
E2F2	PA2G4P5	0.02688189409673214
SOX6	AQP9	0.026869378983974457
PBX1	IGHM	0.026859117671847343
NCOA4	GYPC	0.02683162462143671
SOX6	FKBP8	0.026745559913771495
NFE2	C4orf17	0.02674430049955845
PBX1	LYZ	0.02674010954797268
NCOA4	PGLYRP1	0.026650339365005493
PBX1	PLA2R1	0.02664700150489807
ANKRD1	SELENOP	0.026639657095074654
LYL1	FHDC1	0.026630776623884838
HOXD1	FKBP8	0.026630530133843422
ANKRD1	VCAN	0.026629820466041565
SOX6	G0S2	0.02661985345184803
LYL1	IGHGP	0.026610493659973145
LYL1	NUDT4B	0.026520898565649986
NFE2	CXCL8	0.026464114063664487
LYL1	DKK1	0.026438483968377113
NCOA4	MXI1	0.02641294237043037
PBX1	RP11-254F19.4	0.026409387588500977
NCOA4	MKRN1	0.026394386724992232
NCOA4	EPB41	0.026370020376311407
PBX1	EDIL3	0.026356833055615425
GATA1	LINC02318	0.026334097608923912
NCOA4	LINC02318	0.026304611936211586
SOX6	PLAUR	0.02629701793193817
NFIX	ACSL6	0.026290925219655037
SOX6	IGHA2	0.026230307295918465
HOXD1	HBQ1	0.026221081614494324
NFIX	C1QB	0.02619599054257075
NEUROD1	JCHAIN	0.026182952026526134
TAL1	IL1B	0.026114201173186302
PBX1	THBS1	0.026111505925655365
NFE2	PLAUR	0.026073680204503676
NCOA4	LYZ	0.02607303315942938
NFE2	RETN	0.02605534412644126
NFE2	APOD	0.026037709787487984
TAL1	LINC02318	0.026035943999886513
NCOA4	FAM83A-AS1	0.02601013146340847
ANKRD1	TALDO1	0.025970688089728355
NCOA4	GUK1	0.025928061302394084
NCOA4	PCSK1N	0.025914819911122322
SOX6	IGLC2	0.025905000666777294
PBX1	GUK1	0.025900778445330532
ANKRD1	GUK1	0.02586163766682148
SOX6	PRDX2	0.025838902592658995
NFE2	RP5-1198O20.4	0.02583192102611065
NCOA4	CTD-2272D18.1	0.02577391266822815
SOX6	TMEM86B	0.025745925803979237
SOX6	KCNJ15	0.025744428237279255
SOX6	RETN	0.02574344476064046
NKX2-5	HP	0.025714091956615448
HOXD1	HBB	0.025683021172881126
LYL1	MNDA	0.025682460694085984
NCOA4	C4orf17	0.025668524205684662
LYL1	USH2A	0.02564552240073681
LYL1	PI3	0.025629281997680664
NEUROD1	IGHA2	0.025613702833652496
PBX1	CCL20	0.025610195472836494
NFIX	LYZ	0.025588035583496094
TAL1	ADCYAP1	0.025556012988090515
NCOA4	IGHA1	0.025543000639938727
SOX6	YPEL3	0.025540011269705638
LYL1	ALPL	0.02553609013557434
NCOA4	MTND6P3	0.02550072968006134
PBX1	TMEM242-DT	0.025485612452030182
NFIX	IGHG1	0.025474751368165016
LYL1	S100A8	0.025408051230690697
ANKRD1	HBA2	0.025397634133696556
NEUROD1	IGLV1-44	0.02533268742263317
SOX6	IGHA1	0.025331871850149974
FOXA1	FKBP8	0.025315476581454277
SOX6	IGHV4-59	0.025303350761532784
TAL1	IGHG4	0.025279207155108452
LYL1	ADCYAP1	0.02527713030576706
NFE2	NATD1	0.025260938331484795
FOXA1	FAM210B	0.02525400184094906
TAL1	RP3-466P17.2	0.025224575772881508
NFE2	PADI4	0.025211100578308106
HOXD1	SELENOP	0.025176897644996643
SOX6	R3HDM4	0.02517140182581815
TAL1	USH2A	0.02505801059305668
NFE2	AQP9	0.02496861900602068
NEUROD1	CFHR2	0.0249670147895813
LYL1	MZB1	0.024953866998354595
NFIX	DEFA4	0.024932822212576866
E2F2	JCHAIN	0.024842764437198638
GATA1	RP3-466P17.2	0.024803631007671356
NFE2	TCP11L2	0.024776739232680377
HOXD1	RP11-1260E13.1	0.02477184496819973
LYL1	LCN1	0.02476823516190052
LYL1	LYZ	0.02476200887135097
NKX2-5	IL7R	0.024757010862231255
PBX1	CXCL1	0.024711087346076965
TAL1	PBX1	0.024696511526902516
SOX6	VCAN	0.0246910210698843
PBX1	APOE	0.024690993130207062
TAL1	LYZ	0.024682635441422462
LYL1	ATP6V0C	0.024646610021591187
LYL1	CCL4	0.024573585018515587
SOX6	BASP1	0.024570278146050194
NFIX	DEFA1	0.024513008072972298
NFE2	KDM7A-DT	0.02448474057018757
NFIX	CTC-439N6.1	0.0244738832116127
PBX1	EREG	0.024456846714019775
LYL1	SRRD	0.024450767498749953
LYL1	CTC-439N6.1	0.02443290315568447
NFE2	PI3	0.024421721696853638
SOX6	IGHG4	0.02441159387429555
SOX6	GYPC	0.024377770721912384
NEUROD1	RP11-329N11.1	0.02434907853603363
HOXD1	GUK1	0.024346500635147095
NFIX	S100A12	0.024336931606133778
SOX6	IL1R2	0.0243076320205416
SOX6	IGHV3-21	0.02429247833788395
ANKRD1	RNASE1	0.02428174763917923
LYL1	C1QA	0.02426907867193222
NFIX	PLAUR	0.02424852252006531
NFE2	G0S2	0.02423113016855149
E2F2	PGLYRP1	0.02423066832125187
PBX1	PRDX2	0.024180921415487926
PBX1	MXI1	0.02415633201599121
NFIX	C1QA	0.02415006160736084
NFE2	HLA-DRA	0.024131862740767628
PAX3	GPX1	0.024126922711730003
NFIX	PSMC1P7	0.024124762043356895
PBX1	GLUL	0.02409562927026015
ANKRD1	IL1R1	0.02407410740852356
PBX1	CLDN5	0.024047648534178734
PBX1	COL12A1	0.02402310259640217
NFIX	EIF1AY	0.02401770864214216
ANKRD1	CXCL2	0.024017564952373505
HOXD1	MICAL2	0.024017242714762688
NFE2	S100P	0.02399564504623413
HOXD1	SRRD	0.023909203708171844
SOX6	TCP11L2	0.02390657365322113
ANKRD1	G0S2	0.023905126377940178
TAL1	EDIL3	0.023813271895051003
NFE2	IL1R2	0.02380932789099844
SOX6	GUK1	0.02379552581731011
NFIX	ATP6V0C	0.02379412204027176
NEUROD1	IGHV4-28	0.023785537108778954
ANKRD1	HBA1	0.023775139823555946
LYL1	GYPC	0.023660321669145064
SOX6	RNF10	0.023629328379264243
NFIX	IGHV4-59	0.023582175374031067
NFE2	PIP	0.02357868291437626
LYL1	IGHV4-59	0.023563077673316002
SOX6	EPB41	0.0235385000705719
E2F2	IGHV3-20	0.023532085120677948
TAL1	CLDN5	0.023531725630164146
ANKRD1	GLUL	0.023529931902885437
PBX1	GMPR	0.023517703016599018
SOX6	IGKV4-1	0.023517100140452385
NKX2-5	CSF3R	0.023430952802300453
NFIX	MXI1	0.02337974080672631
E2F2	FCGR3B	0.02337193675339222
SOX6	OPTN	0.02330714613199234
NFIX	CEACAM8	0.02330157347023487
NEUROD1	MTCO1P12	0.023262253031134605
NFIX	MARCHF8	0.023258723815282187
PBX1	IGHG1	0.023216605186462402
NFIX	HP	0.023213671520352364
LYL1	EPB41	0.023208287400259098
SOX6	RBM38	0.023205903669198353
LYL1	MKRN1	0.023182449432519767
SOX6	SRRD	0.02312258817255497
HOXD1	PIP	0.023120785132050514
NFE2	MMP9	0.023117719425095454
ANKRD1	RNF10	0.023104647174477577
HOXD1	NFE2	0.023092160001397133
GATA1	LGALS3	0.023090788296290805
NKX2-5	PLAUR	0.023081257939338684
SOX6	ATP6V0C	0.02306743711233139
NFE2	HP	0.02303770581881205
FOXA1	H1-2	0.023017624393105507
LYL1	RP11-257I14.1	0.02301720716059208
TAL1	IGLC3	0.02301465906202793
LYL1	RP11-310E22.7	0.023010069504380226
PBX1	FKBP8	0.022912517189979553
PAX3	KRT6A	0.022900782525539398
LYL1	GUK1	0.022867708495168976
NFE2	ATP6V0C	0.022846346721053123
SOX6	C1QA	0.02283635176718235
NFE2	CEACAM8	0.02283155918121338
NEUROD1	IGLC2	0.022797761484980583
ANKRD1	APOD	0.022745376452803612
PBX1	TAL1	0.02274199326833089
PBX1	MZB1	0.022726133465766907
NFE2	ALPL	0.022723287343978882
HOXD1	PGC	0.022700412198901176
SOX6	CTC-439N6.1	0.02269403636455536
ANKRD1	UBXN6	0.022693036124110222
LYL1	TSPAN5	0.022691770241810724
E2F2	IGHV3-74	0.02268671803176403
NKX2-5	GLUL	0.022681163623929024
LYL1	HPX	0.02267286367714405
LYL1	OLFM4	0.022655492648482323
ANKRD1	SLC25A37	0.022605212405323982
LYL1	FKBP8	0.02255557264600481
ANKRD1	FBLN1	0.02255314588546753
E2F2	S100A12	0.022524799619402205
PBX1	SIAH2	0.022518311440944672
NFIX	IGHV3-21	0.022513801231980324
NFIX	MNDA	0.022485070758395724
LYL1	R3HDM4	0.022470275109464474
PBX1	HAGH	0.022469624876976013
LYL1	RETN	0.02246215726648058
ANKRD1	SLC8A1	0.022461339831352234
LYL1	PRDX2	0.022456823123825922
E2F2	GPX1	0.022453075647354125
HOXD1	KRT17	0.022452732548117638
NFIX	S100A8	0.022445487124579295
FOXA1	KRT6A	0.022441910579800606
LYL1	ABCA13	0.02241876721382141
NFE2	CDH2	0.022417165338993073
LYL1	MTCO1P12	0.022405919574555896
HOXD1	GABARAPL2	0.0223710760474205
GATA1	GLUL	0.022353436265672957
NFE2	RP11-1260E13.1	0.022339271381497383
E2F2	MMP9	0.022316239774227142
PBX1	RETN	0.02230459451675415
NFE2	MXI1	0.02224182254738278
FOXA1	CTSB	0.022203708067536354
SOX6	PGLYRP1	0.022200703620910645
NKX2-5	BTNL10	0.022173136472702026
NFIX	PRDX2	0.022159465154012046
NFE2	KRT17	0.022117814049124718
PBX1	DCAF12	0.022086799144744873
HOXD1	GYPC	0.022083567455410957
PBX1	TMOD1	0.02207578867673874
HOXD1	SLC25A39	0.022022312507033348
NKX2-5	FCGR3B	0.022004729136824608
GATA1	IGKC	0.022003965452313423
SOX6	AC096579.15	0.02198440581560135
SOX6	IL1R1	0.021982038021087648
PBX1	TALDO1	0.021961468789312575
NFIX	MMP8	0.0219514649361372
ANKRD1	BASP1	0.021944895386695862
PBX1	ERN2	0.02194477804005146
PBX1	MPP1	0.021933952967325848
SOX6	ACSL1	0.021924325161510043
GATA1	HSPA1A	0.021908606092135113
PBX1	USH2A	0.021899566054344177
HOXD1	C9orf78	0.021846406161785126
PBX1	ACSL1	0.021829232573509216
SOX6	CA3-AS1	0.021809543172518413
PBX1	OPTN	0.021804429590702057
TAL1	RP11-201E8.1	0.021801134571433067
NFE2	LRG1	0.02179247566631862
PBX1	PINK1	0.021791009232401848
TAL1	C1QA	0.021790914237499237
ANKRD1	CTSB	0.02179049886763096
SOX6	OSBP2	0.021790241822600365
GATA1	OPTN	0.02177746593952179
PBX1	BSG	0.021747326478362083
NFE2	RP11-678G14.3	0.021727144718170166
PBX1	RNASE1	0.021723395213484764
NFIX	TENT5C	0.02170646419891944
SOX6	CCL4	0.02168651483952999
NEUROD1	ALB	0.02167370170354843
FOXA1	YPEL3	0.021665899083018303
FOXA1	RIOK3	0.021663999184966087
TAL1	MARCHF8	0.021650666370987892
PBX1	SMIM1	0.021648759643236797
FOXA1	GPX1	0.02161332033574581
ANKRD1	SAA1	0.021601026877760887
HOXD1	RBM38	0.021592730656266212
NKX2-5	RP11-712B9.6	0.021549517288804054
PBX1	PADI4	0.02154494822025299
NKX2-5	STRCP1	0.021527176722884178
GATA1	GUK1	0.02148651248878903
NFE2	MICAL2	0.021437676115469498
SOX6	BNIP3L	0.02143640915552775
SOX6	THBS1	0.021433306237061817
FOXA1	SLC25A37	0.021432703360915184
NFE2	MARCHF8	0.021432685501435223
NFIX	IGHG4	0.02140437252819538
NFIX	EPB41	0.021372012794017792
GATA1	RBM38	0.021359682083129883
SOX6	GSPT1	0.021331082690845837
E2F2	LYZ	0.02132508797304971
ANKRD1	IGF2R	0.021291399374604225
NFE2	GLUL	0.02129022522670467
PBX1	AQP9	0.0212881937623024
SOX6	SLC2A1	0.021273444096247356
E2F2	CEACAM8	0.021249493584036827
NEUROD1	GPX1	0.021248457953333855
E2F2	AC096579.15	0.02114773541688919
NKX2-5	YPEL4	0.02111792005598545
SOX6	MTCO1P12	0.021107343956828117
PBX1	C9orf78	0.021096639335155487
SOX6	IGHGP	0.021091113487879436
NFIX	CTD-2272D18.1	0.021066753193736076
PBX1	SAA1	0.021044453606009483
TAL1	GLUL	0.020973699788252514
HOXD1	HBA1	0.020968874916434288
TAL1	MXI1	0.020893216133117676
SOX6	SIAH2	0.02088541239500046
NFIX	CXCL8	0.020875275135040283
NFE2	FAM83B	0.02087060548365116
NFIX	OLFM4	0.02087053842842579
SOX6	EIF1AY	0.020870135724544527
GATA1	RP11-201E8.1	0.020833352580666542
NEUROD1	PRDX2	0.020824217547972996
E2F2	RETN	0.020773178587357204
E2F2	ORM2	0.020734736695885658
NFE2	LINC00570	0.020733917132019997
HOXD1	HBA2	0.020731156691908836
PBX1	STMP1	0.020696302875876427
NKX2-5	RP11-285C1.2	0.020685868337750435
NFE2	C1QA	0.020675845444202423
PBX1	RP11-310E22.7	0.020668938755989075
TAL1	PIP	0.020663687959313393
HOXD1	APOE	0.020624594762921333
HOXD1	BAG1	0.020588470622897148
HOXD1	FBXO7	0.020582662895321846
ANKRD1	ACSL1	0.020582107827067375
SOX6	TALDO1	0.020580670412848976
NFE2	BASP1	0.02055956767155574
NFE2	IL1R1	0.02055628384862627
GATA1	GSPT1	0.020549064502120018
HOXD1	TRIM58	0.020531587302684784
SOX6	LCN2	0.02052665688097477
GATA1	IL1R1	0.020524879296620686
NFIX	MAP2K3	0.020511187174740958
PBX1	SLC25A39	0.02051044851541519
NFIX	TCP11L2	0.02047693303653172
NEUROD1	IGLC3	0.020475691184401512
HOXD1	MARCHF8	0.020467257127165794
PBX1	LYL1	0.02044847756624222
HOXD1	PATE1	0.020416663959622383
GATA1	S100A8	0.020398775736490887
NKX2-5	G0S2	0.02038552798330784
TAL1	BASP1	0.020376274983088177
PBX1	CXCL2	0.020363537594676018
NFE2	ABCA13	0.020318670198321342
NFIX	YPEL3	0.020311550090187473
NEUROD1	HSPA1A	0.02030072920024395
HOXD1	SEMG2	0.0202732365578413
SOX6	SELENOP	0.02026112803391048
NFIX	BAG1	0.020257471423400075
NKX2-5	RP4-734C18.1	0.020246902480721474
TAL1	CCL4	0.020236562937498093
E2F2	HSPA1A	0.0202356681227684
SOX6	GABARAPL2	0.020214178345420143
HOXD1	FAM83B	0.020183304324746132
NKX2-5	BEST3	0.020180197432637215
SOX6	MMP9	0.020179854705929756
NFE2	PGC	0.020165765658020973
NFIX	BASP1	0.020163859833370556
NFIX	ABCA13	0.020156746730208397
NFIX	CSF3R	0.020139411091804504
SOX6	RNASE1	0.020132561524709065
NFE2	EREG	0.020108587362549522
SOX6	LGALS3	0.02010638266801834
NFIX	AQP9	0.0200983179467065
NFE2	TLCD4	0.020092222839593887
NFIX	GUK1	0.02008823501436334
SOX6	CTSB	0.020080411434173585
NFE2	CXCL1	0.02006888176713671
HOXD1	PIM1	0.02006571926176548
NKX2-5	GPR26	0.02005431242287159
NFE2	DEFA3	0.020054005086421967
SOX6	HAGH	0.020042191445827483
SOX6	C1QB	0.020034771412611008
NKX2-5	TPH2	0.02002319134771824
NFE2	RP11-20D14.6	0.02001907490193844
NFIX	C9orf78	0.019977422860952523
NFE2	SLC8A1	0.0199739685872706
NFIX	PHYHIP	0.019932599738240242
FOXA1	LYZ	0.019908277317881584
NFE2	SRRD	0.019901473820209504
SOX6	H1-2	0.01987703570297786
NFIX	RNASE1	0.019831813871860504
NFE2	AC137932.5	0.019822092726826668
HOXD1	C2orf88	0.01979549042880535
E2F2	MMP8	0.019770026206970215
GATA1	ISCA1	0.01976006031036377
HOXD1	BNIP3L	0.019757717847824097
TAL1	MNDA	0.019723372533917427
NFE2	FKBP8	0.019718341529369354
SOX6	C9orf78	0.01971671978632609
NFIX	DPCD	0.019710630178451538
NFIX	KRT1	0.019684864208102226
NFE2	TALDO1	0.01961827650666237
GATA1	PRDX2	0.01960653066635132
NFE2	SIAH2	0.019599229097366333
NKX2-5	AC137932.5	0.01959889940917492
NFE2	VCAN	0.01957467982643529
NEUROD1	RNF10	0.019569754600524902
NFE2	R3HDM4	0.019540968694184955
SOX6	ECEL1	0.019520094618201256
HOXD1	TENT5C	0.019509175792336464
NKX2-5	AQP9	0.019507408142089844
NFE2	CA3-AS1	0.019491636504729588
NFE2	RNASE1	0.019488747417926788
NFE2	SERPINB3	0.019474156200885773
HOXD1	TLCD4	0.019469378516077995
NFIX	IL1R1	0.0194629468023777
GATA1	ANKRD9	0.019440434873104095
NKX2-5	CTB-54I1.2	0.019408313557505608
NKX2-5	CYP4Z1	0.019399592652916908
TAL1	HSPA1A	0.01939072459936142
TAL1	RNF10	0.019358402118086815
HOXD1	ALAS2	0.019357027485966682
NKX2-5	C9orf78	0.01934262551367283
E2F2	LTF	0.019310103729367256
TAL1	IGHGP	0.019308993592858315
NFE2	EIF1AY	0.01930734728063856
NFIX	G0S2	0.01930270195007324
E2F2	EREG	0.019298927237590153
NFIX	STMP1	0.01928266684214274
HOXD1	NCOA4	0.019256114959716797
NFE2	PATE1	0.019254563376307487
NFIX	GYPC	0.019226567819714546
NKX2-5	HBG1	0.019183630123734474
NFE2	MKRN1	0.01918272931000282
GATA1	CA3-AS1	0.019137680530548096
NFIX	RETN	0.01911672353744507
E2F2	ABCA13	0.019083522260189056
NFIX	AMBP	0.01900828629732132
NFIX	SLC38A5	0.019006888071695965
NFE2	EPB41	0.019005685193198067
NKX2-5	STRADB	0.018995486199855804
HOXD1	FBXO9	0.01895245350897312
NFE2	KRT1	0.018940718844532967
HOXD1	RNF10	0.018935618922114372
NFIX	APOC3	0.018920719623565674
TAL1	C1QB	0.018909206613898277
HOXD1	CTD-2272D18.1	0.01890409365296364
TAL1	CSF3R	0.018880611285567284
NFIX	OPTN	0.01886777745352851
NFE2	SEMG2	0.01883855275809765
NFE2	CCL20	0.018837510297695797
NKX2-5	MFSD2B	0.018827812746167183
NKX2-5	OR5A2	0.018821703270077705
NKX2-5	CDH2	0.018817799165844917
TAL1	LINC02389	0.018817370757460594
E2F2	S100A8	0.01881192810833454
NFE2	HOXD1	0.018803438171744347
HOXD1	DMTN	0.01879781484603882
GATA1	TMOD1	0.018797178566455842
E2F2	PADI4	0.0187666192650795
E2F2	MNDA	0.0187665360669295
NFE2	KCNJ15	0.018765312704173
NFIX	H1-2	0.018754110886500433
NFE2	C1QB	0.018749728798866272
HOXD1	CHPT1	0.018726849928498268
E2F2	HP	0.018723061308264732
NKX2-5	RP5-1031J8.1	0.0187186598777771
NFIX	RP11-20D14.6	0.018711547056833904
E2F2	IL1R2	0.018710728734731674
NFIX	DEFA3	0.018709447234869003
GATA1	EIF1AY	0.018693397442499798
NFE2	TMCC2	0.018681371584534645
NKX2-5	OBP2A	0.01865643821656704
NFIX	NATD1	0.018643582860628765
NKX2-5	RP11-217O12.1	0.01863867975771427
NFIX	STRADB	0.018608270213007927
HOXD1	YBX3	0.018591715022921562
E2F2	IGKC	0.018588536729415257
NFIX	TALDO1	0.01854657530784607
NFE2	MMP8	0.018543662503361702
E2F2	IGHM	0.01853293366730213
NFE2	IGF2R	0.01851901488426404
NKX2-5	EDIL3-DT	0.018502816557884216
GATA1	RHCE	0.01849512259165446
NFE2	FBXO9	0.01846475357359106
TAL1	R3HDM4	0.01845287283261617
NFE2	ORM1	0.01844297775200435
NFIX	RBM38	0.018432146310806273
NFE2	IGHGP	0.018393157050013542
NFE2	MAP2K3	0.01838161242313874
NKX2-5	LMX1A	0.018350841477513313
NFIX	YBX3	0.0183284392482356
NFE2	SLC25A37	0.018299003010210785
NFE2	HBB	0.018290665414598253
E2F2	EIF1AY	0.018234126269817352
NKX2-5	FECH	0.018212124705314636
TAL1	LINC00570	0.018196243792772293
NFIX	FKBP8	0.018192589282989502
NKX2-5	LRG1	0.01817833073437214
NFIX	CHPT1	0.018172143470673335
NKX2-5	RP11-731J8.2	0.018169542774558067
NFE2	CTD-2272D18.1	0.018169498071074486
NFIX	S100A3	0.01816522516310215
NKX2-5	XK	0.01815223880112171
HOXD1	SLC25A37	0.01813896745443344
NKX2-5	APOH	0.018134668469429016
GATA1	CTSB	0.018127769231796265
HOXD1	DPM2	0.018121926113963127
E2F2	CSF3R	0.018106738726298015
NEUROD1	BAG1	0.018102869391441345
FOXA1	KLK11	0.018063167110085487
NFIX	LYL1	0.018059545984634988
NEUROD1	IGF2R	0.01805719919502735
NFIX	MICAL2	0.018054500222206116
NFIX	GSPT1	0.01802182022263022
NFIX	COL12A1	0.01798803173005581
HOXD1	ADIPOR1	0.017969993874430656
NFIX	EREG	0.017950253827231272
NKX2-5	PLA2R1	0.01792338490486145
NFIX	SELENOP	0.01791539912422498
E2F2	IGHV3-7	0.017913583666086197
NFIX	SIAH2	0.017912108164567214
E2F2	CXCL8	0.017900073900818825
TAL1	SLC25A39	0.01785328664949962
NEUROD1	CA3-AS1	0.01783047430217266
NFIX	IGHA1	0.01780957542359829
FOXA1	HSPA1A	0.017780795693397522
E2F2	TMEM92	0.017771244049072266
NKX2-5	FAXDC2	0.017754191532731056
NKX2-5	SOX5P1	0.017748378217220306
NFIX	THBS1	0.017719243466854096
NFIX	VCAN	0.017680766060948372
NFE2	SLC40A1	0.017621437256986446
NKX2-5	RP11-398J13.1	0.017607973888516426
E2F2	SIAH2	0.01757611520588398
NKX2-5	S100A7A	0.017561474815011024
NFIX	FBXO9	0.017548030614852904
NKX2-5	ABCC9	0.017527824267745018
NFIX	APOA1	0.017523594200611115
PAX3	S100A8	0.01751282811164856
E2F2	IGF2BP2	0.01749977469444275
PAX3	HSPA1A	0.017487330362200737
NFE2	RNF10	0.01746859620599186
NEUROD1	IGHM	0.01744052954018116
HOXD1	PINK1	0.017420917749404907
NEUROD1	IGHA1	0.017417315393686295
NFE2	IL7R	0.017401494085788727
TAL1	S100A8	0.017390569671988487
KLF1	SLFN14	0.01738465018570423
NKX2-5	Y_RNA_ENSG00000206911	0.017380675300955772
NKX2-5	TNNC1	0.01735488884150982
GATA1	STMP1	0.017303261905908585
E2F2	IGHV3-30	0.0172999557107687
NEUROD1	AC096579.15	0.017298532649874687
E2F2	MTCO1P12	0.0172963235527277
TAL1	IGHA1	0.01729095975557963
GATA1	FKBP8	0.01728508302143642
GATA1	TF	0.01727934554219246
NEUROD1	STMP1	0.017277875915169716
FOXA1	HLA-DRA	0.01727716624736786
E2F2	IGHV3-15	0.017265046015381813
E2F2	CA3-AS1	0.017189448699355125
NKX2-5	IGF2R	0.017123853787779808
FOXA1	C1QA	0.017102960497140884
E2F2	LCN2	0.017011104772488277
NEUROD1	HPX	0.016999797895550728
E2F2	CXCL2	0.01698622666299343
NKX2-5	APOB	0.016967611387372017
TAL1	SLFN14	0.016961079090833664
GATA1	MARCHF8	0.01695270836353302
GATA1	TALDO1	0.016911983489990234
FOXA1	EREG	0.016883550211787224
GATA1	MPP1	0.016878434589930942
NEUROD1	IGHG1	0.01687029004096985
E2F2	IGHV3-23	0.0168591495603323
NEUROD1	MFSD2B	0.016847774386405945
E2F2	HLA-DRA	0.016820205375552177
E2F2	OLFM4	0.01681504026055336
FOXA1	MNDA	0.016800271347165108
E2F2	IGKV2-29	0.016769906505942345
GATA1	BNIP3L	0.016607570979330275
GATA1	GABARAPL2	0.01658811296025912
PAX3	KLK11	0.01651734672486782
E2F2	IGHG1	0.01651122545202573
TAL1	TF	0.016483807936310768
NKX2-5	RP11-709A23.2	0.016471294686198235
E2F2	SLC38A5	0.016444349927561625
FOXA1	PAX3	0.016426919028162956
E2F2	IGLV2-8	0.016387132927775383
KLF1	GPX1	0.01638365164399147
NEUROD1	CHPT1	0.01635393686592579
KLF1	HSPA1A	0.01633191481232643
GATA1	MICAL2	0.01633099652826786
E2F2	ATP6V0C	0.016301244497299194
GATA1	YPEL3	0.016296852380037308
E2F2	AP000962.2	0.016284098848700523
NEUROD1	CTSB	0.016269773244857788
E2F2	VCAN	0.016261739656329155
PAX3	LYZ	0.016249360516667366
NEUROD1	LINC00570	0.01623188704252243
NEUROD1	IGKC	0.01620771549642086
E2F2	IGLV3-21	0.01618846505880356
GATA1	FBXO7	0.01618842887026923
E2F2	IGHA2	0.016173524782061577
PAX3	EIF1AY	0.016153894364833832
FOXA1	PLAUR	0.016055891290307045
PAX3	STMP1	0.016007529571652412
PAX3	SLC25A39	0.016005560755729675
E2F2	RP11-20D14.6	0.015986202284693718
E2F2	SLFN14	0.015978025272488594
TAL1	GUK1	0.01593371480703354
NEUROD1	EIF1AY	0.01592186652123928
E2F2	IGKV2-24	0.015906082466244698
NEUROD1	GSPT1	0.01589224860072136
GATA1	SLFN14	0.015886755660176277
TAL1	LGALS3	0.015881938859820366
E2F2	IGHG4	0.015853822231292725
E2F2	S100P	0.01584446430206299
TAL1	RBM38	0.015840971221526463
NEUROD1	NCOA4	0.01578211908539136
FOXA1	MMP9	0.015759693458676338
TAL1	PLPPR1	0.01575550064444542
PAX3	MICAL2	0.015752701088786125
E2F2	PRDX2	0.015752525793181524
KLF1	TLCD4	0.015733936801552773
E2F2	IGKV4-1	0.015715815126895905
TAL1	SLC2A1	0.015695134177803993
E2F2	SRRD	0.015694255630175274
E2F2	C1QA	0.015678469091653824
GATA1	BSG	0.015595371169703347
FOXA1	EIF1AY	0.015563522465527058
FOXA1	IL7R	0.015559375286102295
GATA1	SLC2A1	0.015553940087556839
GATA1	HAGH	0.015541143715381622
TAL1	CXCL2	0.015530426055192947
TAL1	RIOK3	0.015521112829446793
KLF1	MFSD2B	0.015514753758907318
TAL1	SMIM1	0.015503966559966406
TAL1	MTCO1P12	0.015474215149879456
E2F2	IGHV4-59	0.015472893603146076
E2F2	YPEL4	0.015466306358575821
E2F2	FBXO9	0.015462738546458158
FOXA1	C1QB	0.015438859350979328
E2F2	IGKV3-15	0.015424489974975586
TAL1	FBXO9	0.015415211208164692
E2F2	IGHV3-53	0.015405908226966858
TAL1	CFHR2	0.015404033474624157
E2F2	IGHG3	0.015401188284158707
E2F2	PLAUR	0.015392236411571503
TAL1	TALDO1	0.01538112387061119
PAX3	MNDA	0.015367683954536915
FOXA1	CCL20	0.015358607284724712
PAX3	C1QA	0.015344767831265926
E2F2	FKBP8	0.01533317430452867
NEUROD1	IGLV3-1	0.015317976474761963
TAL1	ADIPOR1	0.015301077626645565
E2F2	GLUL	0.015283303601401193
PAX3	MMP9	0.015278059057891369
TAL1	SRRD	0.01527330931276083
PAX3	CSF3R	0.015269297175109386
PAX3	CA3-AS1	0.015237689018249512
NEUROD1	S100A8	0.01522644329816103
TAL1	MFSD2B	0.015223190188407898
FOXA1	TMOD1	0.015190468169748783
E2F2	MARCHF8	0.015174563441957747
GATA1	BAG1	0.015142449488242468
TAL1	NASPP1	0.015124413184821606
PAX3	HLA-DRA	0.015124350786209106
E2F2	STMP1	0.015105270526625893
FOXA1	LGALS3	0.015100670047104359
PAX3	BLVRB	0.015054057352244854
TAL1	YOD1	0.015020410219828287
NEUROD1	IGHG4	0.014986872673034668
E2F2	MKRN1	0.014984847770796882
KLF1	CFHR2	0.014982837252318859
E2F2	MXI1	0.014966185390949249
FOXA1	SLC25A39	0.014955117367208004
PAX3	EREG	0.014927725307643414
FOXA1	CA3-AS1	0.01490859966725111
KLF1	PRDX2	0.014879533648490905
TAL1	TLCD4	0.014850298563639322
E2F2	EPB41	0.014826998114585876
GATA1	ADIPOR1	0.01481635719537735
E2F2	GUK1	0.01481360321243604
FOXA1	BLVRB	0.014776699244976044
E2F2	KCNJ15	0.01475942600518465
E2F2	LGALS3	0.014754619863298204
GATA1	CFHR2	0.014752489514648914
NEUROD1	C1QB	0.014746016822755337
E2F2	TALDO1	0.014696015761448787
E2F2	RBM38	0.014691013310636793
E2F2	IGKV2-30	0.014674481935799122
GATA1	IGLC2	0.014623560011386871
E2F2	BASP1	0.014623071659695019
E2F2	CFHR2	0.014596638269722462
TAL1	GYPC	0.01459513498204095
PAX3	IL7R	0.014581833966076374
PAX3	PLAUR	0.014565743505954742
KLF1	OSBP2	0.014554564841091633
TAL1	BSG	0.01455439751346906
E2F2	SLC8A1	0.014547026405731836
NEUROD1	IGLV3-19	0.014518233947455883
TAL1	SLC8A1	0.014513074420392513
E2F2	NFE2	0.014506283402442931
GATA1	MTCO1P12	0.014501310884952545
E2F2	ST6GALNAC4	0.014491475290722318
NEUROD1	TBCEL	0.014463238418102264
PAX3	C9orf78	0.014458159916102886
E2F2	IGKV3-20	0.01442362368106842
E2F2	TLCD4	0.01439887285232544
TAL1	CTSB	0.014360922388732433
E2F2	IGKV1-5	0.014358687214553356
E2F2	IGKV3-11	0.014357523061335087
GATA1	CHPT1	0.014349454082548618
TAL1	EMID1	0.014311504550278187
PAX3	STRADB	0.01428182888776064
E2F2	MICAL2	0.014252237975597382
PAX3	TMOD1	0.014230027794837952
PAX3	FKBP8	0.014220449142158031
PAX3	CCL20	0.014219437725841999
E2F2	IGF2R	0.014164958149194717
GATA1	NFIX	0.01415407657623291
FOXA1	ANKRD9	0.014151987619698048
TAL1	CHPT1	0.014151771863301596
PAX3	GLUL	0.014148569665849209
TAL1	KRT1	0.014140777289867401
TAL1	EREG	0.014127626083791256
E2F2	THBS1	0.01411349419504404
PAX3	TALDO1	0.014077786356210709
TAL1	GABARAPL2	0.014075513929128647
PAX3	C1QB	0.014074839651584625
PAX3	PLEK2	0.01404593139886856
GATA1	STRADB	0.014030983405453818
TAL1	TCP11L2	0.014003871940076351
E2F2	SLC40A1	0.014003263165553411
GATA1	MFSD2B	0.013998124748468399
FOXA1	GUK1	0.013985621742904186
FOXA1	IL1R2	0.01394328847527504
E2F2	IGLC2	0.013941596262156963
E2F2	GYPC	0.013924069025299766
PAX3	GUK1	0.01392009574919939
NEUROD1	LGALS3	0.013916395604610443
NEUROD1	APOC3	0.013883620500564575
GATA1	DEFA3	0.013877867721021175
E2F2	RHCE	0.013875809498131275
TAL1	HBQ1	0.013872195966541767
FOXA1	THBS1	0.01385913509875536
FOXA1	STMP1	0.013857546262443066
NEUROD1	HBB	0.013840076513588428
FOXA1	GLUL	0.013827867805957794
PAX3	CAPN5	0.013824231922626495
NEUROD1	FGL1	0.013817880302667618
E2F2	TENT5C	0.013784668097893396
FOXA1	SPRR3	0.013772028498351574
E2F2	BSG	0.01376938670873642
E2F2	MZB1	0.013767905533313751
GATA1	HBB	0.013763262331485749
PAX3	ANKRD9	0.013761394657194614
TAL1	BAG1	0.01373882293701172
PAX3	LGALS3	0.013737541623413563
FOXA1	G0S2	0.01372914295643568
GATA1	PINK1	0.01369650661945343
TAL1	MT1L	0.013690609484910965
TAL1	HBB	0.013671000301837922
PAX3	BAG1	0.013663272373378277
NEUROD1	SAA2	0.013644126243889332
TAL1	C9orf78	0.013643833808600903
NEUROD1	APOE	0.013632349669933319
FOXA1	C9orf78	0.013629690743982792
PAX3	FAM210B	0.013626709580421448
GATA1	HBQ1	0.013608592562377453
E2F2	ACSL1	0.013589935643332345
TAL1	CDC34	0.013588895089924335
NEUROD1	DEFA3	0.013583626598119736
TAL1	GMPR	0.013574771583080292
GATA1	RP11-20D14.6	0.01355068851262331
FOXA1	BAG1	0.013517682440578938
PAX3	CTNNAL1	0.013497866690158844
TAL1	TENT5C	0.013490989804267883
PAX3	SPRR3	0.013466800563037395
PAX3	HAGH	0.01343749463558197
PAX3	BSG	0.013436143286526203
PAX3	UBXN6	0.013435392640531063
TAL1	ACSL1	0.01342669129371643
GATA1	LINC00570	0.013397634029388428
PAX3	SIAH2	0.013377770781517029
PAX3	THBS1	0.01337567251175642
NEUROD1	IGHG3	0.01337259728461504
KLF1	S100A8	0.013369184918701649
FOXA1	MAP2K3	0.013362343423068523
FOXA1	TALDO1	0.013323456048965454
TAL1	PRDX2	0.01329152137041092
PAX3	SLC25A37	0.013289284892380238
NEUROD1	RETN	0.013288614340126514
GATA1	IGF2BP2	0.0132574662566185
PAX3	G0S2	0.013244367204606533
TAL1	RPL7AP26	0.013223747722804546
GATA1	FHDC1	0.01321775745600462
GATA1	NCOA4	0.013185800186225347
FOXA1	CAPN5	0.013166062533855438
TAL1	H1-2	0.013146477937698364
PAX3	BNIP3L	0.013134310953319073
PAX3	SLC2A1	0.013111445121467113
NEUROD1	FKBP8	0.013085787184536457
PAX3	MAP2K3	0.013069063425064087
NEUROD1	IGHGP	0.013053695671260357
FOXA1	STRADB	0.013038712553679943
FOXA1	UBXN6	0.013037716038525105
TAL1	LYL1	0.013022140732833318
FOXA1	SLC2A1	0.012986178509891033
NEUROD1	HP	0.012975177727639675
GATA1	YBX3	0.012969871716839927
TAL1	STRADB	0.012968317915995916
PAX3	GABARAPL2	0.012967639602720737
FOXA1	CTNNAL1	0.012940120883286
PAX3	RIOK3	0.012919346801936626
FOXA1	PLEK2	0.01291683316230774
TAL1	ATP6V0C	0.01291187945753336
TAL1	BNIP3L	0.01290589477866888
GATA1	NASPP1	0.012894284911453724
GATA1	C9orf78	0.012893547117710114
NEUROD1	GUK1	0.012879517860710621
FOXA1	HAGH	0.01287792343646288
TAL1	SELENOP	0.01285328467686971
GATA1	RNF10	0.012848985381424427
GATA1	IGHG4	0.012844051234424114
PAX3	H1-2	0.012807806022465229
PAX3	IL1R2	0.01280713826417923
PAX3	CHPT1	0.01280047744512558
GATA1	ATP6V0C	0.01279710978269577
GATA1	PBX1	0.012789781205356121
TAL1	STMP1	0.012789125740528106
PAX3	MKRN1	0.012777402065694332
FOXA1	MPP1	0.012728574685752392
GATA1	TAL1	0.012725826352834702
NEUROD1	IGKV4-1	0.012710563838481903
KLF1	IGKC	0.012703034095466137
PAX3	GSPT1	0.012699532322585583
PAX3	IGF2R	0.012695372104644775
GATA1	CDC34	0.012690230272710323
TAL1	MPP1	0.012681661794583002
PAX3	IL1R1	0.012669320218265057
TAL1	GATA1	0.012668424285948277
TAL1	EPB41	0.012668043375015259
NEUROD1	APOB	0.01266506314277649
NEUROD1	H1-2	0.012654948979616165
NEUROD1	AMBP	0.012650304473936558
GATA1	TESC	0.012641875445842743
KLF1	NUDT4B	0.01263920683413744
PAX3	MPP1	0.012631252408027649
TAL1	SIAH2	0.01261303573846817
FOXA1	BSG	0.01260859053581953
FOXA1	IL1R1	0.012605495750904083
NEUROD1	FGB	0.012591798789799213
FOXA1	GABARAPL2	0.012590686790645123
PAX3	NCOA4	0.012558002956211567
PAX3	SLC8A1	0.012494049966335297
NEUROD1	BLVRB	0.012485926039516926
NEUROD1	APOH	0.012485637329518795
NEUROD1	FGG	0.012385203503072262
NEUROD1	MZB1	0.012381061911582947
FOXA1	CHPT1	0.012376775033771992
KLF1	CA3-AS1	0.012361720204353333
GATA1	H1-2	0.012356400489807129
PAX3	FBXO9	0.01231509167701006
GATA1	EREG	0.012313690036535263
FOXA1	MAL	0.012298926711082458
GATA1	TLCD4	0.01227542757987976
FOXA1	SLC8A1	0.012223956175148487
PAX3	YPEL3	0.012218859978020191
PAX3	YBX3	0.01221426110714674
PAX3	BASP1	0.012195480056107044
FOXA1	MKRN1	0.012194723822176456
PAX3	MAL	0.012187155894935131
PAX3	TUBB2A	0.012178629636764526
KLF1	NFIX	0.012175281842549643
GATA1	USH2A	0.012161746621131897
GATA1	SMOX	0.012133657932281494
FOXA1	NCOA4	0.012123294174671173
FOXA1	SNCA	0.012120581232011318
PAX3	CTSB	0.012078584171831608
NEUROD1	HMBS	0.012058238498866558
FOXA1	GSPT1	0.011964681558310986
FOXA1	BNIP3L	0.011930875480175018
KLF1	CXCL2	0.011872957460582256
GATA1	MXI1	0.011855668077866236
NEUROD1	SAA1	0.011831670999526978
NEUROD1	BSG	0.011803843080997467
FOXA1	TUBB2A	0.011780224740505219
KLF1	FKBP8	0.011770017445087433
NEUROD1	GYPC	0.011753720231354237
KLF1	SMIM5	0.011746798641979694
NEUROD1	TALDO1	0.01173421274870634
FOXA1	FBXO9	0.011721308343112469
NEUROD1	ORM1	0.011700580827891827
GATA1	IGLC3	0.01167511660605669
PAX3	SNCA	0.011659578420221806
FOXA1	IGF2R	0.011659477837383747
GATA1	SLC6A8	0.011653046123683453
FOXA1	BASP1	0.011651773005723953
GATA1	RPL7AP26	0.011646613478660583
NEUROD1	BASP1	0.011638213880360126
NEUROD1	HBQ1	0.011622699908912182
KLF1	GUK1	0.011619306355714797
PAX3	FOXA1	0.011615087278187275
NEUROD1	VTN	0.01160042267292738
GATA1	FBXO9	0.01158920427163442
KLF1	IGLC3	0.011585074476897717
KLF1	ORM2	0.01158491987735033
NEUROD1	MARCHF8	0.01157316192984581
NEUROD1	FGA	0.011515840888023376
KLF1	ATP6V0C	0.011503580957651138
NEUROD1	GABARAPL2	0.01146553922444582
KLF1	IGF2BP2	0.011453312821686268
FOXA1	YBX3	0.011430342681705952
PAX3	ACSL1	0.01142669003456831
GATA1	ARF4P1	0.011419202201068401
GATA1	IGHA1	0.011390243656933308
NEUROD1	APOA1	0.011385585181415081
KLF1	NATD1	0.011384367942810059
NEUROD1	DERL3	0.011367268860340118
GATA1	OSBP2	0.011360226819912592
NEUROD1	IGHG2	0.011351682245731354
NEUROD1	IGKV3-20	0.011347058229148388
PAX3	EIF2AK1	0.01132859755307436
GATA1	GYPC	0.011302462965250015
GATA1	KLC3	0.0112994983792305
GATA1	PAGE2B	0.011296291835606098
KLF1	CTA-363E6.6	0.011266791572173437
GATA1	PDZK1IP1	0.011221949011087418
NEUROD1	IGKV3-11	0.011174638755619526
GATA1	BLVRB	0.011162623018026351
KLF1	HBQ1	0.011153403669595718
NEUROD1	CTNNAL1	0.011131261475384235
NEUROD1	CTA-363E6.6	0.011091179214417934
KLF1	HBB	0.01105993390083313
GATA1	NFE2	0.011017584552367529
GATA1	ORM2	0.011006939224898815
KLF1	NASPP1	0.01099474262446165
KLF1	BSG	0.0109727643430233
FOXA1	ACSL1	0.010940317995846272
GATA1	SELENBP1	0.010936498641967773
GATA1	HBA1	0.010804209113121032
NEUROD1	ITIH3	0.010799489915370941
GATA1	RP11-1148O4.1	0.010786466300487518
NEUROD1	IGHV3-15	0.010776977054774761
KLF1	RPL7AP26	0.010724224150180817
GATA1	HBA2	0.01070730909705162
NEUROD1	TENT5C	0.010697650723159313
NEUROD1	OSBP2	0.010633583180606365
NEUROD1	MKRN1	0.010626017116010189
NEUROD1	TCP11L2	0.01061857771128416
FOXA1	EIF2AK1	0.01058377604931593
KLF1	TALDO1	0.010582458972930909
KLF1	ATP1B2	0.010529163293540478
NEUROD1	FBXO7	0.0105022257193923
KLF1	EIF1AY	0.010489010562499365
KLF1	GABARAPL2	0.010447978973388672
KLF1	SLC25A39	0.010429077595472337
NEUROD1	NFE2	0.010421711020171642
KLF1	IGLC2	0.010317717678844929
KLF1	ARF4P1	0.01028845552355051
KLF1	PBX1	0.01021418534219265
KLF1	TSPAN5	0.01020037941634655
KLF1	GYPC	0.01018875241279602
KLF1	SRRD	0.010088838015993437
KLF1	RP3-467D16.3	0.010069628246128559
KLF1	BLVRB	0.01003180667757988
KLF1	AGXT	0.009949781931936741
KLF1	HMGB1P30	0.009925122372806072
KLF1	RP11-1148O4.1	0.00989557709544897
KLF1	KLC3	0.009887488558888435
KLF1	PDZK1IP1	0.00986604206264019
KLF1	AC023347.1	0.009863088838756084
KLF1	NFE2	0.00983074059089025
KLF1	EREG	0.009828025475144386
KLF1	IGHA1	0.00981000562508901
KLF1	HP	0.009745254181325436
KLF1	MARCHF8	0.009742691181600094
KLF1	RP5-1198O20.4	0.009705515578389168
KLF1	PHOSPHO1	0.009682253003120422
KLF1	SAA2	0.009629291482269764
KLF1	APOE	0.009542751436432203
KLF1	GLUL	0.009524241710702578
KLF1	ANKRD9	0.009511406533420086
KLF1	SIAH2	0.009485834278166294
KLF1	MYL4	0.009484847076237202
KLF1	MKRN1	0.00946319755166769
KLF1	MAL	0.009448147378861904
KLF1	MXI1	0.009315813891589642
KLF1	FBXO9	0.009270551055669785
KLF1	USH2A	0.00925771240144968
KLF1	RP11-217O12.1	0.009254691191017628
KLF1	CDC34	0.009239362552762032
KLF1	SPTB	0.009209620766341686
KLF1	ST6GALNAC4	0.009209176152944564
KLF1	APOC3	0.009203102439641953
KLF1	CMBL	0.009193086996674538
KLF1	H1-2	0.009189650416374207
KLF1	EPB41	0.00917431190609932
KLF1	HBA2	0.009099388122558593
KLF1	SMIM1	0.009082323871552944
KLF1	CTD-2561J22.5	0.009075389243662357
KLF1	HBA1	0.009031767398118973
KLF1	STRADB	0.009024176001548766
KLF1	TESC	0.009015673398971557
KLF1	DMTN	0.0089901282141606
KLF1	RHAG	0.008986092483003935
KLF1	RBM38	0.008921192027628422
KLF1	SLC2A1	0.008899742737412453
KLF1	TMOD1	0.008875926584005355
KLF1	HAGH	0.008839835971593856
KLF1	SAA4	0.008831107057631016
KLF1	GYPB	0.008804216360052427
KLF1	PCSK1N	0.008800923824310303
KLF1	RP11-20D14.6	0.008784729987382889
KLF1	TTR	0.008777466602623463
KLF1	LGALS3	0.008775603647033373
KLF1	CTA-392E5.1	0.008760896511375904
KLF1	SCARNA9	0.008753853850066662
KLF1	STMP1	0.008733399212360382
KLF1	SLC38A5	0.008729078496495882
KLF1	RP11-227H4.9	0.00872078537940979
KLF1	IGHG2	0.008711344562470913
KLF1	FAM210B	0.008636424690485001
KLF1	FBXO7	0.008631761185824871
KLF1	ALB	0.008631380274891853
